{"loss": 332.1088562011719, "accuracy": 0.6477272510528564}