{"accuracy": [0.65887850522995, 1.0, 1.0, 1.0, 1.0, 1.0, 1.0, 1.0, 1.0, 1.0], "loss": [1.0570992231369019, 0.11485373973846436, 0.000579405459575355, 2.5835890482994728e-05, 1.132851252805267e-06, 8.170619594238815e-07, 7.147301630539005e-07, 5.545568342313345e-07, 4.979273171556997e-07, 4.878889967585565e-07], "val_accuracy": [1.0, 1.0, 1.0, 1.0, 1.0, 1.0, 1.0, 1.0, 1.0, 1.0], "val_loss": [0.3194194734096527, 0.0010650523472577333, 4.0739345422480255e-05, 4.087356046511559e-06, 5.772232611889194e-07, 6.052447929505433e-07, 4.8594978352412e-07, 4.578776326980005e-07, 4.6775980422353314e-07, 4.74158582619566e-07]}